study_id,DOI,site_id,core_id,corenotes,Habitat_type,Habitat,Year_collected,Latitude,Longitude,U_depth_m,L_depth_m,OC_perc,N_perc,LOI,BD_reported_g_cm3,notes
Trettin et al. 2020,https://doi.org/10.17528/CIFOR/DATA.00221,Ruffiji,1,,Deltaic mangrove,mangrove,2015,-7.786217,39.32183,0,0.15,0.96,0.09,,1.07,
Trettin et al. 2020,https://doi.org/10.17528/CIFOR/DATA.00221,Ruffiji,1,,Deltaic mangrove,mangrove,2015,-7.786217,39.32183,0.15,0.3,0.5,0.05,,1.16,
Trettin et al. 2020,https://doi.org/10.17528/CIFOR/DATA.00221,Ruffiji,1,,Deltaic mangrove,mangrove,2015,-7.786217,39.32183,0.3,0.45,0.6,0.06,,1,
Trettin et al. 2020,https://doi.org/10.17528/CIFOR/DATA.00221,Ruffiji,1,,Deltaic mangrove,mangrove,2015,-7.786217,39.32183,0.45,1.1,1.37,0.08,,0.85,
Trettin et al. 2020,https://doi.org/10.17528/CIFOR/DATA.00221,Ruffiji,1,,Deltaic mangrove,mangrove,2015,-7.786217,39.32183,1.1,1.85,0.87,0.06,,0.99,
Trettin et al. 2020,https://doi.org/10.17528/CIFOR/DATA.00221,Ruffiji,1,,Deltaic mangrove,mangrove,2015,-7.786217,39.32183,1.85,2,0.82,0.06,,1.02,
Trettin et al. 2020,https://doi.org/10.17528/CIFOR/DATA.00221,Ruffiji,2,,Deltaic mangrove,mangrove,2015,-7.805889,39.289323,0,0.15,1.57,0.15,,0.64,
Trettin et al. 2020,https://doi.org/10.17528/CIFOR/DATA.00221,Ruffiji,2,,Deltaic mangrove,mangrove,2015,-7.805889,39.289323,0.15,0.3,1.76,0.15,,0.56,
Trettin et al. 2020,https://doi.org/10.17528/CIFOR/DATA.00221,Ruffiji,2,,Deltaic mangrove,mangrove,2015,-7.805889,39.289323,0.3,0.45,1.59,0.14,,0.68,
Trettin et al. 2020,https://doi.org/10.17528/CIFOR/DATA.00221,Ruffiji,2,,Deltaic mangrove,mangrove,2015,-7.805889,39.289323,0.45,1.1,1.43,0.11,,0.73,
Trettin et al. 2020,https://doi.org/10.17528/CIFOR/DATA.00221,Ruffiji,2,,Deltaic mangrove,mangrove,2015,-7.805889,39.289323,1.1,1.85,1.17,0.1,,0.91,
Trettin et al. 2020,https://doi.org/10.17528/CIFOR/DATA.00221,Ruffiji,2,,Deltaic mangrove,mangrove,2015,-7.805889,39.289323,1.85,2,1.02,0.09,,0.84,
Trettin et al. 2020,https://doi.org/10.17528/CIFOR/DATA.00221,Ruffiji,3,,Deltaic mangrove,mangrove,2015,-7.817306,39.352697,0,0.15,2.1,0.14,,0.67,
Trettin et al. 2020,https://doi.org/10.17528/CIFOR/DATA.00221,Ruffiji,3,,Deltaic mangrove,mangrove,2015,-7.817306,39.352697,0.15,0.3,1.91,0.09,,0.85,
Trettin et al. 2020,https://doi.org/10.17528/CIFOR/DATA.00221,Ruffiji,3,,Deltaic mangrove,mangrove,2015,-7.817306,39.352697,0.3,0.45,1.83,0.08,,0.95,
Trettin et al. 2020,https://doi.org/10.17528/CIFOR/DATA.00221,Ruffiji,3,,Deltaic mangrove,mangrove,2015,-7.817306,39.352697,0.45,1.1,1.28,0.06,,1.24,
Trettin et al. 2020,https://doi.org/10.17528/CIFOR/DATA.00221,Ruffiji,3,,Deltaic mangrove,mangrove,2015,-7.817306,39.352697,1.1,1.85,1.04,0.06,,0.99,
Trettin et al. 2020,https://doi.org/10.17528/CIFOR/DATA.00221,Ruffiji,3,,Deltaic mangrove,mangrove,2015,-7.817306,39.352697,1.85,2,0.74,0.04,,1.33,
Trettin et al. 2020,https://doi.org/10.17528/CIFOR/DATA.00221,Ruffiji,4,,Deltaic mangrove,mangrove,2015,-7.811658,39.283833,0,0.15,1.83,0.15,,0.66,
Trettin et al. 2020,https://doi.org/10.17528/CIFOR/DATA.00221,Ruffiji,4,,Deltaic mangrove,mangrove,2015,-7.811658,39.283833,0.15,0.3,1.61,0.13,,0.71,
Trettin et al. 2020,https://doi.org/10.17528/CIFOR/DATA.00221,Ruffiji,4,,Deltaic mangrove,mangrove,2015,-7.811658,39.283833,0.3,0.45,1.48,0.12,,0.76,
Trettin et al. 2020,https://doi.org/10.17528/CIFOR/DATA.00221,Ruffiji,4,,Deltaic mangrove,mangrove,2015,-7.811658,39.283833,0.45,1.1,1.24,0.1,,0.79,
Trettin et al. 2020,https://doi.org/10.17528/CIFOR/DATA.00221,Ruffiji,4,,Deltaic mangrove,mangrove,2015,-7.811658,39.283833,1.1,1.85,1.77,0.12,,0.88,
Trettin et al. 2020,https://doi.org/10.17528/CIFOR/DATA.00221,Ruffiji,4,,Deltaic mangrove,mangrove,2015,-7.811658,39.283833,1.85,2,1.32,0.1,,0.82,
Trettin et al. 2020,https://doi.org/10.17528/CIFOR/DATA.00221,Ruffiji,5,,Deltaic mangrove,mangrove,2015,-7.856985,39.257743,0,0.15,1.59,0.13,,0.45,
Trettin et al. 2020,https://doi.org/10.17528/CIFOR/DATA.00221,Ruffiji,5,,Deltaic mangrove,mangrove,2015,-7.856985,39.257743,0.15,0.3,1.6,0.13,,0.46,
Trettin et al. 2020,https://doi.org/10.17528/CIFOR/DATA.00221,Ruffiji,5,,Deltaic mangrove,mangrove,2015,-7.856985,39.257743,0.3,0.45,1.67,0.13,,0.58,
Trettin et al. 2020,https://doi.org/10.17528/CIFOR/DATA.00221,Ruffiji,5,,Deltaic mangrove,mangrove,2015,-7.856985,39.257743,0.45,1.1,1.52,0.13,,0.5,
Trettin et al. 2020,https://doi.org/10.17528/CIFOR/DATA.00221,Ruffiji,5,,Deltaic mangrove,mangrove,2015,-7.856985,39.257743,1.1,1.85,1.49,0.12,,0.58,
Trettin et al. 2020,https://doi.org/10.17528/CIFOR/DATA.00221,Ruffiji,5,,Deltaic mangrove,mangrove,2015,-7.856985,39.257743,1.85,2,1.61,0.15,,0.43,
Trettin et al. 2020,https://doi.org/10.17528/CIFOR/DATA.00221,Ruffiji,6,,Deltaic mangrove,mangrove,2015,-7.773308,39.335235,0,0.15,1.27,0.1,,0.76,
Trettin et al. 2020,https://doi.org/10.17528/CIFOR/DATA.00221,Ruffiji,6,,Deltaic mangrove,mangrove,2015,-7.773308,39.335235,0.15,0.3,1.67,0.11,,0.87,
Trettin et al. 2020,https://doi.org/10.17528/CIFOR/DATA.00221,Ruffiji,6,,Deltaic mangrove,mangrove,2015,-7.773308,39.335235,0.3,0.45,2.02,0.12,,0.76,
Trettin et al. 2020,https://doi.org/10.17528/CIFOR/DATA.00221,Ruffiji,6,,Deltaic mangrove,mangrove,2015,-7.773308,39.335235,0.45,1.1,1.67,0.08,,0.91,
Trettin et al. 2020,https://doi.org/10.17528/CIFOR/DATA.00221,Ruffiji,6,,Deltaic mangrove,mangrove,2015,-7.773308,39.335235,1.1,1.85,1.09,0.06,,1.08,
Trettin et al. 2020,https://doi.org/10.17528/CIFOR/DATA.00221,Ruffiji,6,,Deltaic mangrove,mangrove,2015,-7.773308,39.335235,1.85,2,0.88,0.05,,1.02,
Trettin et al. 2020,https://doi.org/10.17528/CIFOR/DATA.00221,Ruffiji,7,,Deltaic mangrove,mangrove,2015,-7.790236,39.339099,0,0.15,1.61,0.13,,0.64,
Trettin et al. 2020,https://doi.org/10.17528/CIFOR/DATA.00221,Ruffiji,7,,Deltaic mangrove,mangrove,2015,-7.790236,39.339099,0.15,0.3,2.27,0.12,,0.65,
Trettin et al. 2020,https://doi.org/10.17528/CIFOR/DATA.00221,Ruffiji,7,,Deltaic mangrove,mangrove,2015,-7.790236,39.339099,0.3,0.45,2.2,0.13,,0.62,
Trettin et al. 2020,https://doi.org/10.17528/CIFOR/DATA.00221,Ruffiji,7,,Deltaic mangrove,mangrove,2015,-7.790236,39.339099,0.45,1.1,1.6,0.09,,0.72,
Trettin et al. 2020,https://doi.org/10.17528/CIFOR/DATA.00221,Ruffiji,7,,Deltaic mangrove,mangrove,2015,-7.790236,39.339099,1.1,1.85,1.14,0.06,,1.2,
Trettin et al. 2020,https://doi.org/10.17528/CIFOR/DATA.00221,Ruffiji,7,,Deltaic mangrove,mangrove,2015,-7.790236,39.339099,1.85,2,0.74,0.04,,1.27,
Trettin et al. 2020,https://doi.org/10.17528/CIFOR/DATA.00221,Ruffiji,8,,Deltaic mangrove,mangrove,2015,-7.76533,39.297976,0,0.15,2.21,0.17,,0.26,
Trettin et al. 2020,https://doi.org/10.17528/CIFOR/DATA.00221,Ruffiji,8,,Deltaic mangrove,mangrove,2015,-7.76533,39.297976,0.15,0.3,2,0.15,,0.29,
Trettin et al. 2020,https://doi.org/10.17528/CIFOR/DATA.00221,Ruffiji,8,,Deltaic mangrove,mangrove,2015,-7.76533,39.297976,0.3,0.45,2.72,0.15,,0.28,
Trettin et al. 2020,https://doi.org/10.17528/CIFOR/DATA.00221,Ruffiji,8,,Deltaic mangrove,mangrove,2015,-7.76533,39.297976,0.45,1.1,1.58,0.07,,0.47,
Trettin et al. 2020,https://doi.org/10.17528/CIFOR/DATA.00221,Ruffiji,8,,Deltaic mangrove,mangrove,2015,-7.76533,39.297976,1.1,1.85,0.6,0.04,,0.6,
Trettin et al. 2020,https://doi.org/10.17528/CIFOR/DATA.00221,Ruffiji,8,,Deltaic mangrove,mangrove,2015,-7.76533,39.297976,1.85,2,0.31,0.02,,0.6,
Trettin et al. 2020,https://doi.org/10.17528/CIFOR/DATA.00221,Ruffiji,9,,Deltaic mangrove,mangrove,2015,-7.778774,39.300586,0,0.15,2.1,0.14,,0.41,
Trettin et al. 2020,https://doi.org/10.17528/CIFOR/DATA.00221,Ruffiji,9,,Deltaic mangrove,mangrove,2015,-7.778774,39.300586,0.15,0.3,2.78,0.12,,0.4,
Trettin et al. 2020,https://doi.org/10.17528/CIFOR/DATA.00221,Ruffiji,9,,Deltaic mangrove,mangrove,2015,-7.778774,39.300586,0.3,0.45,3.04,0.13,,0.44,
Trettin et al. 2020,https://doi.org/10.17528/CIFOR/DATA.00221,Ruffiji,9,,Deltaic mangrove,mangrove,2015,-7.778774,39.300586,0.45,1.1,2.48,0.08,,0.6,
Trettin et al. 2020,https://doi.org/10.17528/CIFOR/DATA.00221,Ruffiji,9,,Deltaic mangrove,mangrove,2015,-7.778774,39.300586,1.1,1.85,1.26,0.05,,1.27,
Trettin et al. 2020,https://doi.org/10.17528/CIFOR/DATA.00221,Ruffiji,9,,Deltaic mangrove,mangrove,2015,-7.778774,39.300586,1.85,2,0.72,0.03,,2.21,
Trettin et al. 2020,https://doi.org/10.17528/CIFOR/DATA.00221,Ruffiji,10,,Deltaic mangrove,mangrove,2015,-7.798374,39.319382,0,0.15,1.31,0.12,,0.79,
Trettin et al. 2020,https://doi.org/10.17528/CIFOR/DATA.00221,Ruffiji,10,,Deltaic mangrove,mangrove,2015,-7.798374,39.319382,0.15,0.3,1.5,0.12,,0.72,
Trettin et al. 2020,https://doi.org/10.17528/CIFOR/DATA.00221,Ruffiji,10,,Deltaic mangrove,mangrove,2015,-7.798374,39.319382,0.3,0.45,1.19,0.11,,0.74,
Trettin et al. 2020,https://doi.org/10.17528/CIFOR/DATA.00221,Ruffiji,10,,Deltaic mangrove,mangrove,2015,-7.798374,39.319382,0.45,1.1,1.27,0.1,,0.77,
Trettin et al. 2020,https://doi.org/10.17528/CIFOR/DATA.00221,Ruffiji,10,,Deltaic mangrove,mangrove,2015,-7.798374,39.319382,1.1,1.85,1.1,0.07,,0.85,
Trettin et al. 2020,https://doi.org/10.17528/CIFOR/DATA.00221,Ruffiji,10,,Deltaic mangrove,mangrove,2015,-7.798374,39.319382,1.85,2,0.73,0.06,,0.89,
Trettin et al. 2020,https://doi.org/10.17528/CIFOR/DATA.00221,Ruffiji,11,,Deltaic mangrove,mangrove,2015,-7.810767,39.316144,0,0.15,1.57,0.14,,0.74,
Trettin et al. 2020,https://doi.org/10.17528/CIFOR/DATA.00221,Ruffiji,11,,Deltaic mangrove,mangrove,2015,-7.810767,39.316144,0.15,0.3,1.4,0.12,,0.79,
Trettin et al. 2020,https://doi.org/10.17528/CIFOR/DATA.00221,Ruffiji,11,,Deltaic mangrove,mangrove,2015,-7.810767,39.316144,0.3,0.45,1.14,0.09,,0.77,
Trettin et al. 2020,https://doi.org/10.17528/CIFOR/DATA.00221,Ruffiji,11,,Deltaic mangrove,mangrove,2015,-7.810767,39.316144,0.45,1.1,2.57,0.11,,0.64,
Trettin et al. 2020,https://doi.org/10.17528/CIFOR/DATA.00221,Ruffiji,11,,Deltaic mangrove,mangrove,2015,-7.810767,39.316144,1.1,1.85,1.78,0.06,,0.8,
Trettin et al. 2020,https://doi.org/10.17528/CIFOR/DATA.00221,Ruffiji,11,,Deltaic mangrove,mangrove,2015,-7.810767,39.316144,1.85,2,1.04,0.06,,0.93,
Trettin et al. 2020,https://doi.org/10.17528/CIFOR/DATA.00221,Ruffiji,12,,Deltaic mangrove,mangrove,2015,-7.838769,39.243489,0,0.15,2.18,0.14,,0.8,
Trettin et al. 2020,https://doi.org/10.17528/CIFOR/DATA.00221,Ruffiji,12,,Deltaic mangrove,mangrove,2015,-7.838769,39.243489,0.15,0.3,2.13,0.13,,0.81,
Trettin et al. 2020,https://doi.org/10.17528/CIFOR/DATA.00221,Ruffiji,12,,Deltaic mangrove,mangrove,2015,-7.838769,39.243489,0.3,0.45,2.6,0.15,,0.88,
Trettin et al. 2020,https://doi.org/10.17528/CIFOR/DATA.00221,Ruffiji,12,,Deltaic mangrove,mangrove,2015,-7.838769,39.243489,0.45,1.1,2.54,0.14,,0.88,
Trettin et al. 2020,https://doi.org/10.17528/CIFOR/DATA.00221,Ruffiji,12,,Deltaic mangrove,mangrove,2015,-7.838769,39.243489,1.1,1.85,1.79,0.1,,0.77,
Trettin et al. 2020,https://doi.org/10.17528/CIFOR/DATA.00221,Ruffiji,12,,Deltaic mangrove,mangrove,2015,-7.838769,39.243489,1.85,2,1.86,0.1,,0.79,
Trettin et al. 2020,https://doi.org/10.17528/CIFOR/DATA.00221,Ruffiji,13,,Deltaic mangrove,mangrove,2015,-7.762685,39.298524,0,0.15,2,0.17,,0.56,
Trettin et al. 2020,https://doi.org/10.17528/CIFOR/DATA.00221,Ruffiji,13,,Deltaic mangrove,mangrove,2015,-7.762685,39.298524,0.15,0.3,1.84,0.15,,0.46,
Trettin et al. 2020,https://doi.org/10.17528/CIFOR/DATA.00221,Ruffiji,13,,Deltaic mangrove,mangrove,2015,-7.762685,39.298524,0.3,0.45,1.76,0.14,,0.64,
Trettin et al. 2020,https://doi.org/10.17528/CIFOR/DATA.00221,Ruffiji,13,,Deltaic mangrove,mangrove,2015,-7.762685,39.298524,0.45,1.1,1.65,0.12,,0.7,
Trettin et al. 2020,https://doi.org/10.17528/CIFOR/DATA.00221,Ruffiji,13,,Deltaic mangrove,mangrove,2015,-7.762685,39.298524,1.1,1.85,2.38,0.11,,0.58,
Trettin et al. 2020,https://doi.org/10.17528/CIFOR/DATA.00221,Ruffiji,13,,Deltaic mangrove,mangrove,2015,-7.762685,39.298524,1.85,2,1.43,0.08,,0.75,
Trettin et al. 2020,https://doi.org/10.17528/CIFOR/DATA.00221,Ruffiji,14,,Deltaic mangrove,mangrove,2015,-7.787997,39.300607,0,0.15,1.72,0.15,,0.66,
Trettin et al. 2020,https://doi.org/10.17528/CIFOR/DATA.00221,Ruffiji,14,,Deltaic mangrove,mangrove,2015,-7.787997,39.300607,0.15,0.3,1.34,0.13,,0.76,
Trettin et al. 2020,https://doi.org/10.17528/CIFOR/DATA.00221,Ruffiji,14,,Deltaic mangrove,mangrove,2015,-7.787997,39.300607,0.3,0.45,1.38,0.12,,0.78,
Trettin et al. 2020,https://doi.org/10.17528/CIFOR/DATA.00221,Ruffiji,14,,Deltaic mangrove,mangrove,2015,-7.787997,39.300607,0.45,1.1,1.31,0.11,,0.66,
Trettin et al. 2020,https://doi.org/10.17528/CIFOR/DATA.00221,Ruffiji,14,,Deltaic mangrove,mangrove,2015,-7.787997,39.300607,1.1,1.85,1.87,0.12,,0.74,
Trettin et al. 2020,https://doi.org/10.17528/CIFOR/DATA.00221,Ruffiji,14,,Deltaic mangrove,mangrove,2015,-7.787997,39.300607,1.85,2,3.88,0.16,,0.91,
Trettin et al. 2020,https://doi.org/10.17528/CIFOR/DATA.00221,Ruffiji,15,,Deltaic mangrove,mangrove,2015,-7.790868,39.369734,0,0.15,1.35,0.1,,0.6,
Trettin et al. 2020,https://doi.org/10.17528/CIFOR/DATA.00221,Ruffiji,15,,Deltaic mangrove,mangrove,2015,-7.790868,39.369734,0.15,0.3,2.42,0.15,,0.81,
Trettin et al. 2020,https://doi.org/10.17528/CIFOR/DATA.00221,Ruffiji,15,,Deltaic mangrove,mangrove,2015,-7.790868,39.369734,0.3,0.45,2.37,0.13,,0.75,
Trettin et al. 2020,https://doi.org/10.17528/CIFOR/DATA.00221,Ruffiji,15,,Deltaic mangrove,mangrove,2015,-7.790868,39.369734,0.45,1.1,3.01,0.13,,0.93,
Trettin et al. 2020,https://doi.org/10.17528/CIFOR/DATA.00221,Ruffiji,15,,Deltaic mangrove,mangrove,2015,-7.790868,39.369734,1.1,1.85,2.85,0.11,,0.71,
Trettin et al. 2020,https://doi.org/10.17528/CIFOR/DATA.00221,Ruffiji,15,,Deltaic mangrove,mangrove,2015,-7.790868,39.369734,1.85,2,3.16,0.12,,0.82,
Trettin et al. 2020,https://doi.org/10.17528/CIFOR/DATA.00221,Ruffiji,16,,Deltaic mangrove,mangrove,2015,-7.799883,39.300607,0,0.15,2.71,0.12,,0.81,
Trettin et al. 2020,https://doi.org/10.17528/CIFOR/DATA.00221,Ruffiji,16,,Deltaic mangrove,mangrove,2015,-7.799883,39.300607,0.15,0.3,2.02,0.16,,0.85,
Trettin et al. 2020,https://doi.org/10.17528/CIFOR/DATA.00221,Ruffiji,16,,Deltaic mangrove,mangrove,2015,-7.799883,39.300607,0.3,0.45,1.57,0.14,,0.75,
Trettin et al. 2020,https://doi.org/10.17528/CIFOR/DATA.00221,Ruffiji,16,,Deltaic mangrove,mangrove,2015,-7.799883,39.300607,0.45,1.1,1.45,0.13,,0.75,
Trettin et al. 2020,https://doi.org/10.17528/CIFOR/DATA.00221,Ruffiji,16,,Deltaic mangrove,mangrove,2015,-7.799883,39.300607,1.1,1.85,1.58,0.11,,1,
Trettin et al. 2020,https://doi.org/10.17528/CIFOR/DATA.00221,Ruffiji,16,,Deltaic mangrove,mangrove,2015,-7.799883,39.300607,1.85,2,2.55,0.12,,1.08,
Trettin et al. 2020,https://doi.org/10.17528/CIFOR/DATA.00221,Ruffiji,17,,Deltaic mangrove,mangrove,2015,-7.801661,39.295053,0,0.15,1.72,0.1,,0.64,
Trettin et al. 2020,https://doi.org/10.17528/CIFOR/DATA.00221,Ruffiji,17,,Deltaic mangrove,mangrove,2015,-7.801661,39.295053,0.15,0.3,2.22,0.18,,0.68,
Trettin et al. 2020,https://doi.org/10.17528/CIFOR/DATA.00221,Ruffiji,17,,Deltaic mangrove,mangrove,2015,-7.801661,39.295053,0.3,0.45,2.05,0.16,,0.7,
Trettin et al. 2020,https://doi.org/10.17528/CIFOR/DATA.00221,Ruffiji,17,,Deltaic mangrove,mangrove,2015,-7.801661,39.295053,0.45,1.1,2.13,0.16,,0.65,
Trettin et al. 2020,https://doi.org/10.17528/CIFOR/DATA.00221,Ruffiji,17,,Deltaic mangrove,mangrove,2015,-7.801661,39.295053,1.1,1.85,2.54,0.15,,0.66,
Trettin et al. 2020,https://doi.org/10.17528/CIFOR/DATA.00221,Ruffiji,17,,Deltaic mangrove,mangrove,2015,-7.801661,39.295053,1.85,2,3.57,0.18,,0.69,
Trettin et al. 2020,https://doi.org/10.17528/CIFOR/DATA.00221,Ruffiji,18,,Deltaic mangrove,mangrove,2015,-7.807884,39.31884,0,0.15,2.93,0.15,,1.3,
Trettin et al. 2020,https://doi.org/10.17528/CIFOR/DATA.00221,Ruffiji,18,,Deltaic mangrove,mangrove,2015,-7.807884,39.31884,0.15,0.3,1.56,0.09,,1.28,
Trettin et al. 2020,https://doi.org/10.17528/CIFOR/DATA.00221,Ruffiji,18,,Deltaic mangrove,mangrove,2015,-7.807884,39.31884,0.3,0.45,0.86,0.05,,1.36,
Trettin et al. 2020,https://doi.org/10.17528/CIFOR/DATA.00221,Ruffiji,18,,Deltaic mangrove,mangrove,2015,-7.807884,39.31884,0.45,1.1,0.68,0.05,,1.48,
Trettin et al. 2020,https://doi.org/10.17528/CIFOR/DATA.00221,Ruffiji,18,,Deltaic mangrove,mangrove,2015,-7.807884,39.31884,1.1,1.85,0.84,0.05,,,
Trettin et al. 2020,https://doi.org/10.17528/CIFOR/DATA.00221,Ruffiji,18,,Deltaic mangrove,mangrove,2015,-7.807884,39.31884,1.85,2,0.94,0.04,,,
Trettin et al. 2020,https://doi.org/10.17528/CIFOR/DATA.00221,Ruffiji,19,,Deltaic mangrove,mangrove,2015,-7.770334,39.318936,0,0.15,2.66,0.16,,0.66,
Trettin et al. 2020,https://doi.org/10.17528/CIFOR/DATA.00221,Ruffiji,19,,Deltaic mangrove,mangrove,2015,-7.770334,39.318936,0.15,0.3,2.27,0.14,,0.65,
Trettin et al. 2020,https://doi.org/10.17528/CIFOR/DATA.00221,Ruffiji,19,,Deltaic mangrove,mangrove,2015,-7.770334,39.318936,0.3,0.45,2.08,0.12,,0.75,
Trettin et al. 2020,https://doi.org/10.17528/CIFOR/DATA.00221,Ruffiji,19,,Deltaic mangrove,mangrove,2015,-7.770334,39.318936,0.45,1.1,3.37,0.15,,0.66,
Trettin et al. 2020,https://doi.org/10.17528/CIFOR/DATA.00221,Ruffiji,19,,Deltaic mangrove,mangrove,2015,-7.770334,39.318936,1.1,1.85,3.78,0.12,,0.57,
Trettin et al. 2020,https://doi.org/10.17528/CIFOR/DATA.00221,Ruffiji,19,,Deltaic mangrove,mangrove,2015,-7.770334,39.318936,1.85,2,2,0.07,,1,
Trettin et al. 2020,https://doi.org/10.17528/CIFOR/DATA.00221,Ruffiji,20,,Deltaic mangrove,mangrove,2015,-7.813454,39.334681,0,0.15,3.6,0.18,,0.67,
Trettin et al. 2020,https://doi.org/10.17528/CIFOR/DATA.00221,Ruffiji,20,,Deltaic mangrove,mangrove,2015,-7.813454,39.334681,0.15,0.3,3.5,0.13,,0.77,
Trettin et al. 2020,https://doi.org/10.17528/CIFOR/DATA.00221,Ruffiji,20,,Deltaic mangrove,mangrove,2015,-7.813454,39.334681,0.3,0.45,2.97,0.1,,0.95,
Trettin et al. 2020,https://doi.org/10.17528/CIFOR/DATA.00221,Ruffiji,20,,Deltaic mangrove,mangrove,2015,-7.813454,39.334681,0.45,1.1,2.54,0.09,,0.99,
Trettin et al. 2020,https://doi.org/10.17528/CIFOR/DATA.00221,Ruffiji,20,,Deltaic mangrove,mangrove,2015,-7.813454,39.334681,1.1,1.85,1.33,0.07,,1.08,
Trettin et al. 2020,https://doi.org/10.17528/CIFOR/DATA.00221,Ruffiji,20,,Deltaic mangrove,mangrove,2015,-7.813454,39.334681,1.85,2,1.04,0.06,,1.02,
Trettin et al. 2020,https://doi.org/10.17528/CIFOR/DATA.00221,Ruffiji,21,,Deltaic mangrove,mangrove,2015,-7.828303,39.322083,0,0.15,2.64,0.16,,0.75,
Trettin et al. 2020,https://doi.org/10.17528/CIFOR/DATA.00221,Ruffiji,21,,Deltaic mangrove,mangrove,2015,-7.828303,39.322083,0.15,0.3,3.17,0.14,,0.73,
Trettin et al. 2020,https://doi.org/10.17528/CIFOR/DATA.00221,Ruffiji,21,,Deltaic mangrove,mangrove,2015,-7.828303,39.322083,0.3,0.45,3.98,0.16,,0.73,
Trettin et al. 2020,https://doi.org/10.17528/CIFOR/DATA.00221,Ruffiji,21,,Deltaic mangrove,mangrove,2015,-7.828303,39.322083,0.45,1.1,2.39,0.11,,0.84,
Trettin et al. 2020,https://doi.org/10.17528/CIFOR/DATA.00221,Ruffiji,21,,Deltaic mangrove,mangrove,2015,-7.828303,39.322083,1.1,1.85,1.75,0.09,,1.01,
Trettin et al. 2020,https://doi.org/10.17528/CIFOR/DATA.00221,Ruffiji,21,,Deltaic mangrove,mangrove,2015,-7.828303,39.322083,1.85,2,1.49,0.08,,0.98,
Trettin et al. 2020,https://doi.org/10.17528/CIFOR/DATA.00221,Ruffiji,22,,Deltaic mangrove,mangrove,2015,-7.83765,39.270828,0,0.15,2.63,0.18,,0.78,
Trettin et al. 2020,https://doi.org/10.17528/CIFOR/DATA.00221,Ruffiji,22,,Deltaic mangrove,mangrove,2015,-7.83765,39.270828,0.15,0.3,2.94,0.14,,0.92,
Trettin et al. 2020,https://doi.org/10.17528/CIFOR/DATA.00221,Ruffiji,22,,Deltaic mangrove,mangrove,2015,-7.83765,39.270828,0.3,0.45,4.08,0.13,,0.92,
Trettin et al. 2020,https://doi.org/10.17528/CIFOR/DATA.00221,Ruffiji,22,,Deltaic mangrove,mangrove,2015,-7.83765,39.270828,0.45,1.1,1.77,0.08,,1.12,
Trettin et al. 2020,https://doi.org/10.17528/CIFOR/DATA.00221,Ruffiji,22,,Deltaic mangrove,mangrove,2015,-7.83765,39.270828,1.1,1.85,1.45,0.07,,1.04,
Trettin et al. 2020,https://doi.org/10.17528/CIFOR/DATA.00221,Ruffiji,22,,Deltaic mangrove,mangrove,2015,-7.83765,39.270828,1.85,2,1.31,0.07,,0.97,
Trettin et al. 2020,https://doi.org/10.17528/CIFOR/DATA.00221,Ruffiji,23,,Deltaic mangrove,mangrove,2015,-7.85189,39.319852,0,0.15,,,,,
Trettin et al. 2020,https://doi.org/10.17528/CIFOR/DATA.00221,Ruffiji,23,,Deltaic mangrove,mangrove,2015,-7.85189,39.319852,0.15,0.3,,,,,
Trettin et al. 2020,https://doi.org/10.17528/CIFOR/DATA.00221,Ruffiji,23,,Deltaic mangrove,mangrove,2015,-7.85189,39.319852,0.3,0.45,,,,,
Trettin et al. 2020,https://doi.org/10.17528/CIFOR/DATA.00221,Ruffiji,23,,Deltaic mangrove,mangrove,2015,-7.85189,39.319852,0.45,1.1,,,,,
Trettin et al. 2020,https://doi.org/10.17528/CIFOR/DATA.00221,Ruffiji,23,,Deltaic mangrove,mangrove,2015,-7.85189,39.319852,1.1,1.85,,,,,
Trettin et al. 2020,https://doi.org/10.17528/CIFOR/DATA.00221,Ruffiji,23,,Deltaic mangrove,mangrove,2015,-7.85189,39.319852,1.85,2,,,,,
Trettin et al. 2020,https://doi.org/10.17528/CIFOR/DATA.00221,Ruffiji,24,,Deltaic mangrove,mangrove,2015,-7.765002,39.291276,0,0.15,1.52,0.11,,0.85,
Trettin et al. 2020,https://doi.org/10.17528/CIFOR/DATA.00221,Ruffiji,24,,Deltaic mangrove,mangrove,2015,-7.765002,39.291276,0.15,0.3,1.26,0.1,,0.83,
Trettin et al. 2020,https://doi.org/10.17528/CIFOR/DATA.00221,Ruffiji,24,,Deltaic mangrove,mangrove,2015,-7.765002,39.291276,0.3,0.45,1.34,0.1,,0.76,
Trettin et al. 2020,https://doi.org/10.17528/CIFOR/DATA.00221,Ruffiji,24,,Deltaic mangrove,mangrove,2015,-7.765002,39.291276,0.45,1.1,2.7,0.13,,0.75,
Trettin et al. 2020,https://doi.org/10.17528/CIFOR/DATA.00221,Ruffiji,24,,Deltaic mangrove,mangrove,2015,-7.765002,39.291276,1.1,1.85,2.28,0.06,,1.38,
Trettin et al. 2020,https://doi.org/10.17528/CIFOR/DATA.00221,Ruffiji,24,,Deltaic mangrove,mangrove,2015,-7.765002,39.291276,1.85,2,,,,,
Trettin et al. 2020,https://doi.org/10.17528/CIFOR/DATA.00221,Ruffiji,25,,Deltaic mangrove,mangrove,2015,-7.782773,39.284373,0,0.15,2.07,0.14,,0.72,
Trettin et al. 2020,https://doi.org/10.17528/CIFOR/DATA.00221,Ruffiji,25,,Deltaic mangrove,mangrove,2015,-7.782773,39.284373,0.15,0.3,1.6,0.12,,0.73,
Trettin et al. 2020,https://doi.org/10.17528/CIFOR/DATA.00221,Ruffiji,25,,Deltaic mangrove,mangrove,2015,-7.782773,39.284373,0.3,0.45,1.67,0.12,,0.71,
Trettin et al. 2020,https://doi.org/10.17528/CIFOR/DATA.00221,Ruffiji,25,,Deltaic mangrove,mangrove,2015,-7.782773,39.284373,0.45,1.1,1.57,0.1,,0.76,
Trettin et al. 2020,https://doi.org/10.17528/CIFOR/DATA.00221,Ruffiji,25,,Deltaic mangrove,mangrove,2015,-7.782773,39.284373,1.1,1.85,2.07,0.1,,0.89,
Trettin et al. 2020,https://doi.org/10.17528/CIFOR/DATA.00221,Ruffiji,25,,Deltaic mangrove,mangrove,2015,-7.782773,39.284373,1.85,2,2.26,0.1,,0.69,
Trettin et al. 2020,https://doi.org/10.17528/CIFOR/DATA.00221,Ruffiji,26,,Deltaic mangrove,mangrove,2015,-7.794873,39.300623,0,0.15,2.2,0.14,,0.89,
Trettin et al. 2020,https://doi.org/10.17528/CIFOR/DATA.00221,Ruffiji,26,,Deltaic mangrove,mangrove,2015,-7.794873,39.300623,0.15,0.3,2.01,0.13,,1,
Trettin et al. 2020,https://doi.org/10.17528/CIFOR/DATA.00221,Ruffiji,26,,Deltaic mangrove,mangrove,2015,-7.794873,39.300623,0.3,0.45,1.73,0.13,,0.81,
Trettin et al. 2020,https://doi.org/10.17528/CIFOR/DATA.00221,Ruffiji,26,,Deltaic mangrove,mangrove,2015,-7.794873,39.300623,0.45,1.1,1.65,0.12,,1.13,
Trettin et al. 2020,https://doi.org/10.17528/CIFOR/DATA.00221,Ruffiji,26,,Deltaic mangrove,mangrove,2015,-7.794873,39.300623,1.1,1.85,2.7,0.12,,0.85,
Trettin et al. 2020,https://doi.org/10.17528/CIFOR/DATA.00221,Ruffiji,26,,Deltaic mangrove,mangrove,2015,-7.794873,39.300623,1.85,2,2.87,0.12,,0.8,
Trettin et al. 2020,https://doi.org/10.17528/CIFOR/DATA.00221,Ruffiji,27,,Deltaic mangrove,mangrove,2015,-7.799935,39.359471,0,0.15,2.85,0.16,,0.84,
Trettin et al. 2020,https://doi.org/10.17528/CIFOR/DATA.00221,Ruffiji,27,,Deltaic mangrove,mangrove,2015,-7.799935,39.359471,0.15,0.3,1.7,0.12,,0.91,
Trettin et al. 2020,https://doi.org/10.17528/CIFOR/DATA.00221,Ruffiji,27,,Deltaic mangrove,mangrove,2015,-7.799935,39.359471,0.3,0.45,1.31,0.1,,1.08,
Trettin et al. 2020,https://doi.org/10.17528/CIFOR/DATA.00221,Ruffiji,27,,Deltaic mangrove,mangrove,2015,-7.799935,39.359471,0.45,1.1,1.11,0.08,,1.01,
Trettin et al. 2020,https://doi.org/10.17528/CIFOR/DATA.00221,Ruffiji,27,,Deltaic mangrove,mangrove,2015,-7.799935,39.359471,1.1,1.85,2.08,0.1,,0.96,
Trettin et al. 2020,https://doi.org/10.17528/CIFOR/DATA.00221,Ruffiji,27,,Deltaic mangrove,mangrove,2015,-7.799935,39.359471,1.85,2,1.66,0.07,,1.01,
Trettin et al. 2020,https://doi.org/10.17528/CIFOR/DATA.00221,Ruffiji,28,,Deltaic mangrove,mangrove,2015,-7.803327,39.276501,0,0.15,4.18,0.19,,0.59,
Trettin et al. 2020,https://doi.org/10.17528/CIFOR/DATA.00221,Ruffiji,28,,Deltaic mangrove,mangrove,2015,-7.803327,39.276501,0.15,0.3,2.54,0.12,,0.77,
Trettin et al. 2020,https://doi.org/10.17528/CIFOR/DATA.00221,Ruffiji,28,,Deltaic mangrove,mangrove,2015,-7.803327,39.276501,0.3,0.45,3.59,0.15,,0.7,
Trettin et al. 2020,https://doi.org/10.17528/CIFOR/DATA.00221,Ruffiji,28,,Deltaic mangrove,mangrove,2015,-7.803327,39.276501,0.45,1.1,2.82,0.11,,0.8,
Trettin et al. 2020,https://doi.org/10.17528/CIFOR/DATA.00221,Ruffiji,28,,Deltaic mangrove,mangrove,2015,-7.803327,39.276501,1.1,1.85,3.08,0.11,,0.8,
Trettin et al. 2020,https://doi.org/10.17528/CIFOR/DATA.00221,Ruffiji,28,,Deltaic mangrove,mangrove,2015,-7.803327,39.276501,1.85,2,1.8,0.08,,0.93,
Trettin et al. 2020,https://doi.org/10.17528/CIFOR/DATA.00221,Ruffiji,29,,Deltaic mangrove,mangrove,2015,-7.81566,39.353932,0,0.15,2.59,0.14,,0.66,
Trettin et al. 2020,https://doi.org/10.17528/CIFOR/DATA.00221,Ruffiji,29,,Deltaic mangrove,mangrove,2015,-7.81566,39.353932,0.15,0.3,1.6,0.09,,0.89,
Trettin et al. 2020,https://doi.org/10.17528/CIFOR/DATA.00221,Ruffiji,29,,Deltaic mangrove,mangrove,2015,-7.81566,39.353932,0.3,0.45,1.96,0.1,,0.91,
Trettin et al. 2020,https://doi.org/10.17528/CIFOR/DATA.00221,Ruffiji,29,,Deltaic mangrove,mangrove,2015,-7.81566,39.353932,0.45,1.1,2.2,0.08,,1.26,
Trettin et al. 2020,https://doi.org/10.17528/CIFOR/DATA.00221,Ruffiji,29,,Deltaic mangrove,mangrove,2015,-7.81566,39.353932,1.1,1.85,,,,,
Trettin et al. 2020,https://doi.org/10.17528/CIFOR/DATA.00221,Ruffiji,29,,Deltaic mangrove,mangrove,2015,-7.81566,39.353932,1.85,2,,,,,
Trettin et al. 2020,https://doi.org/10.17528/CIFOR/DATA.00221,Ruffiji,30,,Deltaic mangrove,mangrove,2015,-7.817536,39.356946,0,0.15,1.39,0.05,,1.24,
Trettin et al. 2020,https://doi.org/10.17528/CIFOR/DATA.00221,Ruffiji,30,,Deltaic mangrove,mangrove,2015,-7.817536,39.356946,0.15,0.3,1.24,0.05,,1.29,
Trettin et al. 2020,https://doi.org/10.17528/CIFOR/DATA.00221,Ruffiji,30,,Deltaic mangrove,mangrove,2015,-7.817536,39.356946,0.3,0.45,1.07,0.04,,1.36,
Trettin et al. 2020,https://doi.org/10.17528/CIFOR/DATA.00221,Ruffiji,30,,Deltaic mangrove,mangrove,2015,-7.817536,39.356946,0.45,1.1,0.8,0.03,,1.52,
Trettin et al. 2020,https://doi.org/10.17528/CIFOR/DATA.00221,Ruffiji,30,,Deltaic mangrove,mangrove,2015,-7.817536,39.356946,1.1,1.85,,,,,
Trettin et al. 2020,https://doi.org/10.17528/CIFOR/DATA.00221,Ruffiji,30,,Deltaic mangrove,mangrove,2015,-7.817536,39.356946,1.85,2,,,,,
Trettin et al. 2020,https://doi.org/10.17528/CIFOR/DATA.00221,Ruffiji,31,,Deltaic mangrove,mangrove,2015,-7.825313,39.324718,0,0.15,2.32,0.15,,0.8,
Trettin et al. 2020,https://doi.org/10.17528/CIFOR/DATA.00221,Ruffiji,31,,Deltaic mangrove,mangrove,2015,-7.825313,39.324718,0.15,0.3,2.78,0.15,,0.8,
Trettin et al. 2020,https://doi.org/10.17528/CIFOR/DATA.00221,Ruffiji,31,,Deltaic mangrove,mangrove,2015,-7.825313,39.324718,0.3,0.45,4.19,0.17,,0.68,
Trettin et al. 2020,https://doi.org/10.17528/CIFOR/DATA.00221,Ruffiji,31,,Deltaic mangrove,mangrove,2015,-7.825313,39.324718,0.45,1.1,4.07,0.16,,0.58,
Trettin et al. 2020,https://doi.org/10.17528/CIFOR/DATA.00221,Ruffiji,31,,Deltaic mangrove,mangrove,2015,-7.825313,39.324718,1.1,1.85,2.74,0.11,,0.86,
Trettin et al. 2020,https://doi.org/10.17528/CIFOR/DATA.00221,Ruffiji,31,,Deltaic mangrove,mangrove,2015,-7.825313,39.324718,1.85,2,2.67,0.1,,0.72,
Trettin et al. 2020,https://doi.org/10.17528/CIFOR/DATA.00221,Ruffiji,32,,Deltaic mangrove,mangrove,2015,-7.838843,39.336653,0,0.15,2.83,0.17,,0.73,
Trettin et al. 2020,https://doi.org/10.17528/CIFOR/DATA.00221,Ruffiji,32,,Deltaic mangrove,mangrove,2015,-7.838843,39.336653,0.15,0.3,3.18,0.19,,0.68,
Trettin et al. 2020,https://doi.org/10.17528/CIFOR/DATA.00221,Ruffiji,32,,Deltaic mangrove,mangrove,2015,-7.838843,39.336653,0.3,0.45,3.25,0.16,,0.71,
Trettin et al. 2020,https://doi.org/10.17528/CIFOR/DATA.00221,Ruffiji,32,,Deltaic mangrove,mangrove,2015,-7.838843,39.336653,0.45,1.1,2.97,0.14,,0.68,
Trettin et al. 2020,https://doi.org/10.17528/CIFOR/DATA.00221,Ruffiji,32,,Deltaic mangrove,mangrove,2015,-7.838843,39.336653,1.1,1.85,2.05,0.1,,0.75,
Trettin et al. 2020,https://doi.org/10.17528/CIFOR/DATA.00221,Ruffiji,32,,Deltaic mangrove,mangrove,2015,-7.838843,39.336653,1.85,2,2.23,0.11,,0.73,
Trettin et al. 2020,https://doi.org/10.17528/CIFOR/DATA.00221,Ruffiji,33,,Deltaic mangrove,mangrove,2015,-7.790904,39.374205,0,0.15,2.36,0.18,,0.92,
Trettin et al. 2020,https://doi.org/10.17528/CIFOR/DATA.00221,Ruffiji,33,,Deltaic mangrove,mangrove,2015,-7.790904,39.374205,0.15,0.3,1.88,0.15,,0.9,
Trettin et al. 2020,https://doi.org/10.17528/CIFOR/DATA.00221,Ruffiji,33,,Deltaic mangrove,mangrove,2015,-7.790904,39.374205,0.3,0.45,1.99,0.15,,0.85,
Trettin et al. 2020,https://doi.org/10.17528/CIFOR/DATA.00221,Ruffiji,33,,Deltaic mangrove,mangrove,2015,-7.790904,39.374205,0.45,1.1,1.54,0.12,,0.87,
Trettin et al. 2020,https://doi.org/10.17528/CIFOR/DATA.00221,Ruffiji,33,,Deltaic mangrove,mangrove,2015,-7.790904,39.374205,1.1,1.85,1.67,0.11,,0.9,
Trettin et al. 2020,https://doi.org/10.17528/CIFOR/DATA.00221,Ruffiji,33,,Deltaic mangrove,mangrove,2015,-7.790904,39.374205,1.85,2,1.46,0.09,,0.9,
Trettin et al. 2020,https://doi.org/10.17528/CIFOR/DATA.00221,Ruffiji,34,,Deltaic mangrove,mangrove,2015,-7.820636,39.268396,0,0.15,2.76,0.16,,0.81,
Trettin et al. 2020,https://doi.org/10.17528/CIFOR/DATA.00221,Ruffiji,34,,Deltaic mangrove,mangrove,2015,-7.820636,39.268396,0.15,0.3,2.77,0.12,,1.03,
Trettin et al. 2020,https://doi.org/10.17528/CIFOR/DATA.00221,Ruffiji,34,,Deltaic mangrove,mangrove,2015,-7.820636,39.268396,0.3,0.45,,0.13,,0.86,
Trettin et al. 2020,https://doi.org/10.17528/CIFOR/DATA.00221,Ruffiji,34,,Deltaic mangrove,mangrove,2015,-7.820636,39.268396,0.45,1.1,3,0.11,,0.94,
Trettin et al. 2020,https://doi.org/10.17528/CIFOR/DATA.00221,Ruffiji,34,,Deltaic mangrove,mangrove,2015,-7.820636,39.268396,1.1,1.85,2.39,0.08,,1,
Trettin et al. 2020,https://doi.org/10.17528/CIFOR/DATA.00221,Ruffiji,34,,Deltaic mangrove,mangrove,2015,-7.820636,39.268396,1.85,2,1.88,0.07,,0.94,
Trettin et al. 2020,https://doi.org/10.17528/CIFOR/DATA.00221,Ruffiji,35,,Deltaic mangrove,mangrove,2015,-7.805975,39.350342,0,0.15,3.05,0.18,,0.5,
Trettin et al. 2020,https://doi.org/10.17528/CIFOR/DATA.00221,Ruffiji,35,,Deltaic mangrove,mangrove,2015,-7.805975,39.350342,0.15,0.3,3.55,0.21,,0.67,
Trettin et al. 2020,https://doi.org/10.17528/CIFOR/DATA.00221,Ruffiji,35,,Deltaic mangrove,mangrove,2015,-7.805975,39.350342,0.3,0.45,4.01,0.2,,0.63,
Trettin et al. 2020,https://doi.org/10.17528/CIFOR/DATA.00221,Ruffiji,35,,Deltaic mangrove,mangrove,2015,-7.805975,39.350342,0.45,1.1,3.06,0.16,,0.73,
Trettin et al. 2020,https://doi.org/10.17528/CIFOR/DATA.00221,Ruffiji,35,,Deltaic mangrove,mangrove,2015,-7.805975,39.350342,1.1,1.85,1.98,0.13,,0.85,
Trettin et al. 2020,https://doi.org/10.17528/CIFOR/DATA.00221,Ruffiji,35,,Deltaic mangrove,mangrove,2015,-7.805975,39.350342,1.85,2,1.8,0.11,,0.67,
Trettin et al. 2020,https://doi.org/10.17528/CIFOR/DATA.00221,Ruffiji,36,,Deltaic mangrove,mangrove,2015,-7.811343,39.308245,0,0.15,3.02,0.2,,0.65,
Trettin et al. 2020,https://doi.org/10.17528/CIFOR/DATA.00221,Ruffiji,36,,Deltaic mangrove,mangrove,2015,-7.811343,39.308245,0.15,0.3,2.52,0.17,,0.77,
Trettin et al. 2020,https://doi.org/10.17528/CIFOR/DATA.00221,Ruffiji,36,,Deltaic mangrove,mangrove,2015,-7.811343,39.308245,0.3,0.45,2.33,0.15,,0.71,
Trettin et al. 2020,https://doi.org/10.17528/CIFOR/DATA.00221,Ruffiji,36,,Deltaic mangrove,mangrove,2015,-7.811343,39.308245,0.45,1.1,4.3,0.14,,0.74,
Trettin et al. 2020,https://doi.org/10.17528/CIFOR/DATA.00221,Ruffiji,36,,Deltaic mangrove,mangrove,2015,-7.811343,39.308245,1.1,1.85,2.34,0.09,,0.92,
Trettin et al. 2020,https://doi.org/10.17528/CIFOR/DATA.00221,Ruffiji,36,,Deltaic mangrove,mangrove,2015,-7.811343,39.308245,1.85,2,1.46,0.07,,0.96,
Trettin et al. 2020,https://doi.org/10.17528/CIFOR/DATA.00221,Ruffiji,37,,Deltaic mangrove,mangrove,2015,-7.818324,39.296719,0,0.15,2.06,0.16,,0.73,
Trettin et al. 2020,https://doi.org/10.17528/CIFOR/DATA.00221,Ruffiji,37,,Deltaic mangrove,mangrove,2015,-7.818324,39.296719,0.15,0.3,1.74,0.14,,0.73,
Trettin et al. 2020,https://doi.org/10.17528/CIFOR/DATA.00221,Ruffiji,37,,Deltaic mangrove,mangrove,2015,-7.818324,39.296719,0.3,0.45,1.87,0.14,,0.73,
Trettin et al. 2020,https://doi.org/10.17528/CIFOR/DATA.00221,Ruffiji,37,,Deltaic mangrove,mangrove,2015,-7.818324,39.296719,0.45,1.1,1.57,0.13,,0.68,
Trettin et al. 2020,https://doi.org/10.17528/CIFOR/DATA.00221,Ruffiji,37,,Deltaic mangrove,mangrove,2015,-7.818324,39.296719,1.1,1.85,1.65,0.12,,0.83,
Trettin et al. 2020,https://doi.org/10.17528/CIFOR/DATA.00221,Ruffiji,37,,Deltaic mangrove,mangrove,2015,-7.818324,39.296719,1.85,2,2.42,0.12,,0.82,
Trettin et al. 2020,https://doi.org/10.17528/CIFOR/DATA.00221,Ruffiji,38,,Deltaic mangrove,mangrove,2015,-7.822442,39.337592,0,0.15,2.85,0.17,,0.66,
Trettin et al. 2020,https://doi.org/10.17528/CIFOR/DATA.00221,Ruffiji,38,,Deltaic mangrove,mangrove,2015,-7.822442,39.337592,0.15,0.3,3.43,0.18,,0.69,
Trettin et al. 2020,https://doi.org/10.17528/CIFOR/DATA.00221,Ruffiji,38,,Deltaic mangrove,mangrove,2015,-7.822442,39.337592,0.3,0.45,2.93,0.15,,0.79,
Trettin et al. 2020,https://doi.org/10.17528/CIFOR/DATA.00221,Ruffiji,38,,Deltaic mangrove,mangrove,2015,-7.822442,39.337592,0.45,1.1,3.57,0.11,,0.77,
Trettin et al. 2020,https://doi.org/10.17528/CIFOR/DATA.00221,Ruffiji,38,,Deltaic mangrove,mangrove,2015,-7.822442,39.337592,1.1,1.85,2.02,0.09,,0.97,
Trettin et al. 2020,https://doi.org/10.17528/CIFOR/DATA.00221,Ruffiji,38,,Deltaic mangrove,mangrove,2015,-7.822442,39.337592,1.85,2,1.37,0.08,,0.94,
Trettin et al. 2020,https://doi.org/10.17528/CIFOR/DATA.00221,Ruffiji,39,,Deltaic mangrove,mangrove,2015,-7.826875,39.297231,0,0.15,2.23,0.18,,0.7,
Trettin et al. 2020,https://doi.org/10.17528/CIFOR/DATA.00221,Ruffiji,39,,Deltaic mangrove,mangrove,2015,-7.826875,39.297231,0.15,0.3,1.98,0.15,,0.69,
Trettin et al. 2020,https://doi.org/10.17528/CIFOR/DATA.00221,Ruffiji,39,,Deltaic mangrove,mangrove,2015,-7.826875,39.297231,0.3,0.45,1.76,0.13,,0.75,
Trettin et al. 2020,https://doi.org/10.17528/CIFOR/DATA.00221,Ruffiji,39,,Deltaic mangrove,mangrove,2015,-7.826875,39.297231,0.45,1.1,3.3,0.15,,0.76,
Trettin et al. 2020,https://doi.org/10.17528/CIFOR/DATA.00221,Ruffiji,39,,Deltaic mangrove,mangrove,2015,-7.826875,39.297231,1.1,1.85,2.28,0.1,,0.98,
Trettin et al. 2020,https://doi.org/10.17528/CIFOR/DATA.00221,Ruffiji,39,,Deltaic mangrove,mangrove,2015,-7.826875,39.297231,1.85,2,1.42,0.08,,0.99,
Trettin et al. 2020,https://doi.org/10.17528/CIFOR/DATA.00221,Ruffiji,40,,Deltaic mangrove,mangrove,2015,-7.846511,39.338839,0,0.15,3.33,0.2,,0.66,
Trettin et al. 2020,https://doi.org/10.17528/CIFOR/DATA.00221,Ruffiji,40,,Deltaic mangrove,mangrove,2015,-7.846511,39.338839,0.15,0.3,2.91,0.19,,0.74,
Trettin et al. 2020,https://doi.org/10.17528/CIFOR/DATA.00221,Ruffiji,40,,Deltaic mangrove,mangrove,2015,-7.846511,39.338839,0.3,0.45,3.17,0.18,,0.65,
Trettin et al. 2020,https://doi.org/10.17528/CIFOR/DATA.00221,Ruffiji,40,,Deltaic mangrove,mangrove,2015,-7.846511,39.338839,0.45,1.1,2.91,0.14,,0.66,
Trettin et al. 2020,https://doi.org/10.17528/CIFOR/DATA.00221,Ruffiji,40,,Deltaic mangrove,mangrove,2015,-7.846511,39.338839,1.1,1.85,2.4,0.11,,0.8,
Trettin et al. 2020,https://doi.org/10.17528/CIFOR/DATA.00221,Ruffiji,40,,Deltaic mangrove,mangrove,2015,-7.846511,39.338839,1.85,2,2.14,0.08,,0.95,
Trettin et al. 2020,https://doi.org/10.17528/CIFOR/DATA.00221,Ruffiji,41,,Deltaic mangrove,mangrove,2015,-7.857204,39.237177,0,0.15,1.81,0.12,,0.95,
Trettin et al. 2020,https://doi.org/10.17528/CIFOR/DATA.00221,Ruffiji,41,,Deltaic mangrove,mangrove,2015,-7.857204,39.237177,0.15,0.3,1.38,0.09,,0.9,
Trettin et al. 2020,https://doi.org/10.17528/CIFOR/DATA.00221,Ruffiji,41,,Deltaic mangrove,mangrove,2015,-7.857204,39.237177,0.3,0.45,1.69,0.1,,0.77,
Trettin et al. 2020,https://doi.org/10.17528/CIFOR/DATA.00221,Ruffiji,41,,Deltaic mangrove,mangrove,2015,-7.857204,39.237177,0.45,1.1,1.82,0.1,,0.88,
Trettin et al. 2020,https://doi.org/10.17528/CIFOR/DATA.00221,Ruffiji,41,,Deltaic mangrove,mangrove,2015,-7.857204,39.237177,1.1,1.85,2.01,0.12,,0.89,
Trettin et al. 2020,https://doi.org/10.17528/CIFOR/DATA.00221,Ruffiji,41,,Deltaic mangrove,mangrove,2015,-7.857204,39.237177,1.85,2,1.76,0.1,,0.87,
Trettin et al. 2020,https://doi.org/10.17528/CIFOR/DATA.00221,Ruffiji,42,,Deltaic mangrove,mangrove,2015,-7.795329,39.295608,0,0.15,1.8,0.14,,0.63,
Trettin et al. 2020,https://doi.org/10.17528/CIFOR/DATA.00221,Ruffiji,42,,Deltaic mangrove,mangrove,2015,-7.795329,39.295608,0.15,0.3,1.86,0.12,,0.69,
Trettin et al. 2020,https://doi.org/10.17528/CIFOR/DATA.00221,Ruffiji,42,,Deltaic mangrove,mangrove,2015,-7.795329,39.295608,0.3,0.45,1.92,0.11,,0.71,
Trettin et al. 2020,https://doi.org/10.17528/CIFOR/DATA.00221,Ruffiji,42,,Deltaic mangrove,mangrove,2015,-7.795329,39.295608,0.45,1.1,1.56,0.09,,0.72,
Trettin et al. 2020,https://doi.org/10.17528/CIFOR/DATA.00221,Ruffiji,42,,Deltaic mangrove,mangrove,2015,-7.795329,39.295608,1.1,1.85,1.74,0.11,,0.83,
Trettin et al. 2020,https://doi.org/10.17528/CIFOR/DATA.00221,Ruffiji,42,,Deltaic mangrove,mangrove,2015,-7.795329,39.295608,1.85,2,1.73,0.1,,0.79,
Trettin et al. 2020,https://doi.org/10.17528/CIFOR/DATA.00221,Ruffiji,43,,Deltaic mangrove,mangrove,2015,-7.819879,39.302273,0,0.15,2.45,0.16,,0.5,
Trettin et al. 2020,https://doi.org/10.17528/CIFOR/DATA.00221,Ruffiji,43,,Deltaic mangrove,mangrove,2015,-7.819879,39.302273,0.15,0.3,2.18,0.16,,0.55,
Trettin et al. 2020,https://doi.org/10.17528/CIFOR/DATA.00221,Ruffiji,43,,Deltaic mangrove,mangrove,2015,-7.819879,39.302273,0.3,0.45,2.19,0.12,,0.6,
Trettin et al. 2020,https://doi.org/10.17528/CIFOR/DATA.00221,Ruffiji,43,,Deltaic mangrove,mangrove,2015,-7.819879,39.302273,0.45,1.1,2.24,0.12,,0.67,
Trettin et al. 2020,https://doi.org/10.17528/CIFOR/DATA.00221,Ruffiji,43,,Deltaic mangrove,mangrove,2015,-7.819879,39.302273,1.1,1.85,2.56,0.13,,0.66,
Trettin et al. 2020,https://doi.org/10.17528/CIFOR/DATA.00221,Ruffiji,43,,Deltaic mangrove,mangrove,2015,-7.819879,39.302273,1.85,2,2.97,0.14,,0.55,
Trettin et al. 2020,https://doi.org/10.17528/CIFOR/DATA.00221,Ruffiji,44,,Deltaic mangrove,mangrove,2015,-7.82622,39.302886,0,0.15,1.81,0.13,,0.86,
Trettin et al. 2020,https://doi.org/10.17528/CIFOR/DATA.00221,Ruffiji,44,,Deltaic mangrove,mangrove,2015,-7.82622,39.302886,0.15,0.3,1.49,0.11,,0.97,
Trettin et al. 2020,https://doi.org/10.17528/CIFOR/DATA.00221,Ruffiji,44,,Deltaic mangrove,mangrove,2015,-7.82622,39.302886,0.3,0.45,1.53,0.11,,0.91,
Trettin et al. 2020,https://doi.org/10.17528/CIFOR/DATA.00221,Ruffiji,44,,Deltaic mangrove,mangrove,2015,-7.82622,39.302886,0.45,1.1,1.47,0.1,,0.95,
Trettin et al. 2020,https://doi.org/10.17528/CIFOR/DATA.00221,Ruffiji,44,,Deltaic mangrove,mangrove,2015,-7.82622,39.302886,1.1,1.85,1.44,0.1,,0.94,
Trettin et al. 2020,https://doi.org/10.17528/CIFOR/DATA.00221,Ruffiji,44,,Deltaic mangrove,mangrove,2015,-7.82622,39.302886,1.85,2,1.7,0.1,,0.82,
Trettin et al. 2020,https://doi.org/10.17528/CIFOR/DATA.00221,Ruffiji,45,,Deltaic mangrove,mangrove,2015,-7.825887,39.248947,0,0.15,2.68,0.17,,0.63,
Trettin et al. 2020,https://doi.org/10.17528/CIFOR/DATA.00221,Ruffiji,45,,Deltaic mangrove,mangrove,2015,-7.825887,39.248947,0.15,0.3,2.24,0.13,,0.65,
Trettin et al. 2020,https://doi.org/10.17528/CIFOR/DATA.00221,Ruffiji,45,,Deltaic mangrove,mangrove,2015,-7.825887,39.248947,0.3,0.45,2.64,0.13,,0.7,
Trettin et al. 2020,https://doi.org/10.17528/CIFOR/DATA.00221,Ruffiji,45,,Deltaic mangrove,mangrove,2015,-7.825887,39.248947,0.45,1.1,3.59,0.14,,0.73,
Trettin et al. 2020,https://doi.org/10.17528/CIFOR/DATA.00221,Ruffiji,45,,Deltaic mangrove,mangrove,2015,-7.825887,39.248947,1.1,1.85,1.65,0.07,,1.14,
Trettin et al. 2020,https://doi.org/10.17528/CIFOR/DATA.00221,Ruffiji,45,,Deltaic mangrove,mangrove,2015,-7.825887,39.248947,1.85,2,1.44,0.05,,1.06,
Trettin et al. 2020,https://doi.org/10.17528/CIFOR/DATA.00221,Ruffiji,46,,Deltaic mangrove,mangrove,2015,-7.851313,39.238495,0,0.15,3.22,0.2,,0.76,
Trettin et al. 2020,https://doi.org/10.17528/CIFOR/DATA.00221,Ruffiji,46,,Deltaic mangrove,mangrove,2015,-7.851313,39.238495,0.15,0.3,1.78,0.11,,0.77,
Trettin et al. 2020,https://doi.org/10.17528/CIFOR/DATA.00221,Ruffiji,46,,Deltaic mangrove,mangrove,2015,-7.851313,39.238495,0.3,0.45,3.01,0.15,,0.74,
Trettin et al. 2020,https://doi.org/10.17528/CIFOR/DATA.00221,Ruffiji,46,,Deltaic mangrove,mangrove,2015,-7.851313,39.238495,0.45,1.1,3.08,0.08,,1.04,
Trettin et al. 2020,https://doi.org/10.17528/CIFOR/DATA.00221,Ruffiji,46,,Deltaic mangrove,mangrove,2015,-7.851313,39.238495,1.1,1.85,1.16,0.04,,1.73,
Trettin et al. 2020,https://doi.org/10.17528/CIFOR/DATA.00221,Ruffiji,46,,Deltaic mangrove,mangrove,2015,-7.851313,39.238495,1.85,2,0.87,0.04,,1.8,
Trettin et al. 2020,https://doi.org/10.17528/CIFOR/DATA.00221,Ruffiji,47,,Deltaic mangrove,mangrove,2015,-7.851581,39.298895,0,0.15,1.69,0.13,,0.89,
Trettin et al. 2020,https://doi.org/10.17528/CIFOR/DATA.00221,Ruffiji,47,,Deltaic mangrove,mangrove,2015,-7.851581,39.298895,0.15,0.3,1.45,0.09,,1,
Trettin et al. 2020,https://doi.org/10.17528/CIFOR/DATA.00221,Ruffiji,47,,Deltaic mangrove,mangrove,2015,-7.851581,39.298895,0.3,0.45,1.94,0.11,,0.87,
Trettin et al. 2020,https://doi.org/10.17528/CIFOR/DATA.00221,Ruffiji,47,,Deltaic mangrove,mangrove,2015,-7.851581,39.298895,0.45,1.1,2.13,0.13,,0.79,
Trettin et al. 2020,https://doi.org/10.17528/CIFOR/DATA.00221,Ruffiji,47,,Deltaic mangrove,mangrove,2015,-7.851581,39.298895,1.1,1.85,1.85,0.1,,0.98,
Trettin et al. 2020,https://doi.org/10.17528/CIFOR/DATA.00221,Ruffiji,47,,Deltaic mangrove,mangrove,2015,-7.851581,39.298895,1.85,2,1.79,0.09,,0.94,
Trettin et al. 2020,https://doi.org/10.17528/CIFOR/DATA.00221,Ruffiji,48,,Deltaic mangrove,mangrove,2015,-7.798652,39.282973,0,0.15,1.86,0.14,,0.72,
Trettin et al. 2020,https://doi.org/10.17528/CIFOR/DATA.00221,Ruffiji,48,,Deltaic mangrove,mangrove,2015,-7.798652,39.282973,0.15,0.3,1.85,0.13,,0.76,
Trettin et al. 2020,https://doi.org/10.17528/CIFOR/DATA.00221,Ruffiji,48,,Deltaic mangrove,mangrove,2015,-7.798652,39.282973,0.3,0.45,1.94,0.13,,0.66,
Trettin et al. 2020,https://doi.org/10.17528/CIFOR/DATA.00221,Ruffiji,48,,Deltaic mangrove,mangrove,2015,-7.798652,39.282973,0.45,1.1,1.73,0.11,,0.69,
Trettin et al. 2020,https://doi.org/10.17528/CIFOR/DATA.00221,Ruffiji,48,,Deltaic mangrove,mangrove,2015,-7.798652,39.282973,1.1,1.85,1.7,0.1,,0.87,
Trettin et al. 2020,https://doi.org/10.17528/CIFOR/DATA.00221,Ruffiji,48,,Deltaic mangrove,mangrove,2015,-7.798652,39.282973,1.85,2,1.44,0.08,,0.88,
Trettin et al. 2020,https://doi.org/10.17528/CIFOR/DATA.00221,Ruffiji,49,,Deltaic mangrove,mangrove,2015,-7.839953,39.287271,0,0.15,2.42,0.15,,0.98,
Trettin et al. 2020,https://doi.org/10.17528/CIFOR/DATA.00221,Ruffiji,49,,Deltaic mangrove,mangrove,2015,-7.839953,39.287271,0.15,0.3,1.93,0.12,,0.98,
Trettin et al. 2020,https://doi.org/10.17528/CIFOR/DATA.00221,Ruffiji,49,,Deltaic mangrove,mangrove,2015,-7.839953,39.287271,0.3,0.45,2.65,0.13,,0.9,
Trettin et al. 2020,https://doi.org/10.17528/CIFOR/DATA.00221,Ruffiji,49,,Deltaic mangrove,mangrove,2015,-7.839953,39.287271,0.45,1.1,4.3,0.11,,1.07,
Trettin et al. 2020,https://doi.org/10.17528/CIFOR/DATA.00221,Ruffiji,49,,Deltaic mangrove,mangrove,2015,-7.839953,39.287271,1.1,1.85,1.81,0.08,,1.24,
Trettin et al. 2020,https://doi.org/10.17528/CIFOR/DATA.00221,Ruffiji,49,,Deltaic mangrove,mangrove,2015,-7.839953,39.287271,1.85,2,0.96,0.05,,1.44,